Year,Total Calaus finmarchicus abundance anomaly
2003,0.597050116
2004,0.630443202
2005,0.551508124
2006,0.262064567
2007,0.176479508
2008,0.097403958
2009,-0.060061566
2010,0.088080142
2011,-0.10253865
2012,-0.146928086
2013,0.124519044
2014,-0.152265083
2016,-0.324721407
2017,-0.304169162
2018,-0.129982314
2019,0.003310954
2020,-0.39636043
2021,-0.826390807
2022,-0.80357998
2023,-0.197181071
