{
    "metadata": {

    },
    "data": {
        "Year": [2003,2004,2005,2006,2007,2008,2009,2010,2011,2012,2013,2014,2016,2017,2018,2019,2020,2021,2022,2023],
        "Total Calaus finmarchicus abundance anomaly": [0.597050116,0.630443202,0.551508124,0.262064567,0.176479508,0.097403958,-0.060061566,0.088080142,-0.10253865,-0.146928086,0.124519044,-0.152265083,-0.324721407,-0.304169162,-0.129982314,0.003310954,-0.39636043,-0.826390807,-0.80357998,-0.197181071]
    }
}