{
    "metadata": {

    },
    "data": {
        "year": [2003,2003,2003,2004,2004,2004,2005,2005,2005,2006,2006,2006,2007,2007,2007,2008,2008,2008,2009,2009,2009,2010,2010,2010,2011,2011,2011,2012,2012,2012,2013,2013,2013,2014,2014,2014,2015,2015,2015,2016,2016,2016,2017,2017,2017,2018,2018,2018,2019,2019,2019,2021,2021,2021,2022,2022,2022,2023,2023,2023,2024,2024,2024],
        "zone": ["Lower slope","Shelf","Upper slope","Lower slope","Shelf","Upper slope","Lower slope","Shelf","Upper slope","Lower slope","Shelf","Upper slope","Lower slope","Shelf","Upper slope","Lower slope","Shelf","Upper slope","Lower slope","Shelf","Upper slope","Lower slope","Shelf","Upper slope","Lower slope","Shelf","Upper slope","Lower slope","Shelf","Upper slope","Lower slope","Shelf","Upper slope","Lower slope","Shelf","Upper slope","Lower slope","Shelf","Upper slope","Lower slope","Shelf","Upper slope","Lower slope","Shelf","Upper slope","Lower slope","Shelf","Upper slope","Lower slope","Shelf","Upper slope","Lower slope","Shelf","Upper slope","Lower slope","Shelf","Upper slope","Lower slope","Shelf","Upper slope","Lower slope","Shelf","Upper slope"],
        "index": [0,5.52937924,0.1744945366,0,6.918397557,0.06620830921,0,2.938727896,0.3236199422,0,3.507185192,0.588743016,0,1.547181756,0.943759265,0,8.101629057,3.890779927,0,9.880460532,0.7907624835,0,17.62727777,6.474647469,0,13.45755265,1.247568761,0,14.55140414,0.7151839617,0,17.20929337,0.5780848235,0,13.35916339,0.1355942153,0.06342511996,8.362526438,0.4530237542,0,7.960423085,0.2537634568,0,7.792466401,0.5092467233,0,6.140114196,0.4566832865,0,4.019900299,0.53158944,0,5.174498231,0.5580178587,0,10.51179458,0.09638066932,0,5.82212984,0,0,1.591935598,0],
        "sd": [0,9.300300597,0.4592012194,0,13.19947542,0.2477288092,0,3.325914947,1.121052365,0,5.99145265,1.671016983,0,1.738214708,1.464988573,0,20.25848313,16.50718122,0,9.077806473,1.938777031,0,18.50673086,13.88359247,0,14.61362931,3.110851043,0,16.45942478,2.141054553,0,12.84265762,1.227392758,0,16.52596501,0.2749266937,0.2615084689,10.1330655,1.163465797,0,5.655310581,0.7943560795,0,7.859048336,1.972304079,0,14.51036636,1.690868418,0,3.070711699,0.7517809956,0,10.43819771,1.172200733,0,24.76847465,0.260435922,0,7.327644058,0,0,3.602415453,0],
        "n": [8,17,13,5,15,14,13,23,12,14,22,15,15,20,12,17,27,18,9,26,16,19,24,16,15,27,13,9,25,19,10,12,13,9,20,17,17,21,17,9,23,20,14,17,15,18,20,17,7,15,2,17,28,18,11,26,12,11,19,13,18,26,7],
        "SE": [0,2.255654218,0.1273595032,0,3.408089899,0.06620830921,0,0.6935012064,0.3236199422,0,1.277381997,0.4314547297,0,0.3886766247,0.4229057734,0,3.898746896,3.890779927,0,1.780304321,0.4846942577,0,3.777670618,3.470898116,0,2.812394271,0.8627948419,0,3.291884955,0.4911916015,0,3.707355916,0.3404175017,0,3.695318116,0.0666795175,0.06342511996,2.211216174,0.2821819042,0,1.179213772,0.1776234192,0,1.9060992,0.5092467233,0,3.244616556,0.4100958287,0,0.7928543515,0.53158944,0,1.972633948,0.2762903624,0,4.857497522,0.07518137484,0,1.681076839,0,0,0.7064917958,0],
        "Uci": [0,9.950461508,0.424119163,0,13.59825376,0.1959765953,0,4.297990261,0.957915029,0,6.010853906,1.434394286,0,2.30898794,1.772654581,0,15.74317297,11.51670858,0,13.369857,1.740763228,0,25.03151218,13.27760778,0,18.96984542,2.938646651,0,21.00349865,1.677919501,0,24.47571097,1.245303127,0,20.6019869,0.2662860696,0.1877383551,12.69651014,1.006100287,0,10.27168208,0.6019053585,0,11.52842083,1.507370301,0,12.49956265,1.260471111,0,5.573894828,1.573504742,0,9.040860769,1.099546969,0,20.03248972,0.243736164,0,9.117040445,0,0,2.976659518,0],
        "Lci": [0,1.108296972,-0.07513008976,0,0.238541355,-0.06355997685,0,1.579465532,-0.3106751445,0,1.003516478,-0.2569082542,0,0.7853755714,0.1148639491,0,0.4600851419,-3.73514873,0,6.391064063,-0.1592382615,0,10.22304336,-0.3283128394,0,7.945259881,-0.4435091295,0,8.099309629,-0.2475515772,0,9.942875779,-0.0891334799,0,6.116339886,0.004902360976,-0.06088811516,4.028542737,-0.100052778,0,5.649164092,-0.09437844483,0,4.056511969,-0.4888768544,0,-0.2193342546,-0.3471045377,0,2.46590577,-0.5103258624,0,1.308135694,0.01648874842,0,0.9910994344,-0.05097482537,0,2.527219235,0,0,0.2072116783,0]
    }
}